Año,MesId,Mes,Trimestre,TiempoMes_ID,TiempoTrim_ID
2012,3,Marzo,1,201203,20121
2012,4,Abril,2,201204,20122
2012,5,Mayo,2,201205,20122
2012,6,Junio,2,201206,20122
2012,7,Julio,3,201207,20123
2012,8,Agosto,3,201208,20123
2012,9,Septiembre,3,201209,20123
2012,10,Octubre,4,201210,20124
2012,11,Noviembre,4,201211,20124
2012,12,Diciembre,4,201212,20124
2013,1,Enero,1,201301,20131
2013,2,Febrero,1,201302,20131
2013,3,Marzo,1,201303,20131
2013,4,Abril,2,201304,20132
2013,5,Mayo,2,201305,20132
2013,6,Junio,2,201306,20132
2013,7,Julio,3,201307,20133
2013,8,Agosto,3,201308,20133
2013,9,Septiembre,3,201309,20133
2013,10,Octubre,4,201310,20134
2013,11,Noviembre,4,201311,20134
2013,12,Diciembre,4,201312,20134
2014,1,Enero,1,201401,20141
2014,2,Febrero,1,201402,20141
2014,3,Marzo,1,201403,20141
2014,4,Abril,2,201404,20142
2014,5,Mayo,2,201405,20142
2014,6,Junio,2,201406,20142
2014,7,Julio,3,201407,20143
2014,8,Agosto,3,201408,20143
2014,9,Septiembre,3,201409,20143
2014,10,Octubre,4,201410,20144
2014,11,Noviembre,4,201411,20144
2014,12,Diciembre,4,201412,20144
2015,1,Enero,1,201501,20151
2015,2,Febrero,1,201502,20151
2015,3,Marzo,1,201503,20151
2015,4,Abril,2,201504,20152
2015,5,Mayo,2,201505,20152
2015,6,Junio,2,201506,20152
2015,7,Julio,3,201507,20153
2015,8,Agosto,3,201508,20153
2015,9,Septiembre,3,201509,20153
2015,10,Octubre,4,201510,20154
2015,11,Noviembre,4,201511,20154
2015,12,Diciembre,4,201512,20154
2016,1,Enero,1,201601,20161
2016,2,Febrero,1,201602,20161
2016,3,Marzo,1,201603,20161
2016,4,Abril,2,201604,20162
2016,5,Mayo,2,201605,20162
2016,6,Junio,2,201606,20162
2016,7,Julio,3,201607,20163
2016,8,Agosto,3,201608,20163
2016,9,Septiembre,3,201609,20163
2016,10,Octubre,4,201610,20164
2016,11,Noviembre,4,201611,20164
2016,12,Diciembre,4,201612,20164
2017,1,Enero,1,201701,20171
2017,2,Febrero,1,201702,20171
2017,3,Marzo,1,201703,20171
2017,4,Abril,2,201704,20172
2017,5,Mayo,2,201705,20172
2017,6,Junio,2,201706,20172
2017,7,Julio,3,201707,20173
2017,8,Agosto,3,201708,20173
2017,9,Septiembre,3,201709,20173
2017,10,Octubre,4,201710,20174
2017,11,Noviembre,4,201711,20174
2017,12,Diciembre,4,201712,20174
2018,1,Enero,1,201801,20181
2018,2,Febrero,1,201802,20181
2018,3,Marzo,1,201803,20181
2018,4,Abril,2,201804,20182
2018,5,Mayo,2,201805,20182
2018,6,Junio,2,201806,20182
2018,7,Julio,3,201807,20183
2018,8,Agosto,3,201808,20183
2018,9,Septiembre,3,201809,20183
2018,10,Octubre,4,201810,20184
2018,11,Noviembre,4,201811,20184
2018,12,Diciembre,4,201812,20184
2019,1,Enero,1,201901,20191
2019,2,Febrero,1,201902,20191
2019,3,Marzo,1,201903,20191
2019,4,Abril,2,201904,20192
2019,5,Mayo,2,201905,20192
2019,6,Junio,2,201906,20192
2019,7,Julio,3,201907,20193
2019,8,Agosto,3,201908,20193
2019,9,Septiembre,3,201909,20193
2019,10,Octubre,4,201910,20194
2019,11,Noviembre,4,201911,20194
2019,12,Diciembre,4,201912,20194
2020,1,Enero,1,202001,20201
2020,2,Febrero,1,202002,20201
2020,3,Marzo,1,202003,20201
2020,4,Abril,2,202004,20202
2020,5,Mayo,2,202005,20202
2020,6,Junio,2,202006,20202
2020,7,Julio,3,202007,20203
2020,8,Agosto,3,202008,20203
2020,9,Septiembre,3,202009,20203
2020,10,Octubre,4,202010,20204
2020,11,Noviembre,4,202011,20204
2020,12,Diciembre,4,202012,20204
2021,1,Enero,1,202101,20211
2021,2,Febrero,1,202102,20211
2021,3,Marzo,1,202103,20211
2021,4,Abril,2,202104,20212
2021,5,Mayo,2,202105,20212
2021,6,Junio,2,202106,20212
2021,7,Julio,3,202107,20213
2021,8,Agosto,3,202108,20213
2021,9,Septiembre,3,202109,20213
2021,10,Octubre,4,202110,20214
2021,11,Noviembre,4,202111,20214
2021,12,Diciembre,4,202112,20214
2022,1,Enero,1,202201,20221
2022,2,Febrero,1,202202,20221
2022,3,Marzo,1,202203,20221
2022,4,Abril,2,202204,20222
2022,5,Mayo,2,202205,20222
2022,6,Junio,2,202206,20222
2022,7,Julio,3,202207,20223
2022,8,Agosto,3,202208,20223
2022,9,Septiembre,3,202209,20223
2022,10,Octubre,4,202210,20224
2022,11,Noviembre,4,202211,20224
2022,12,Diciembre,4,202212,20224
2023,1,Enero,1,202301,20231
2023,2,Febrero,1,202302,20231
2023,3,Marzo,1,202303,20231
2023,4,Abril,2,202304,20232
2023,5,Mayo,2,202305,20232
2023,6,Junio,2,202306,20232
2023,7,Julio,3,202307,20233
2023,8,Agosto,3,202308,20233
2023,9,Septiembre,3,202309,20233
2023,10,Octubre,4,202310,20234
2023,11,Noviembre,4,202311,20234
2023,12,Diciembre,4,202312,20234
2024,1,Enero,1,202401,20241
2024,2,Febrero,1,202402,20241
2024,3,Marzo,1,202403,20241
2024,4,Abril,2,202404,20242
2024,5,Mayo,2,202405,20242
2024,6,Junio,2,202406,20242
2024,7,Julio,3,202407,20243
2024,8,Agosto,3,202408,20243
2024,9,Septiembre,3,202409,20243
2024,10,Octubre,4,202410,20244
2024,11,Noviembre,4,202411,20244
2024,12,Diciembre,4,202412,20244
2025,1,Enero,1,202501,20251
2025,2,Febrero,1,202502,20251
2025,3,Marzo,1,202503,20251
